{"tables":[{"id":1,"title":"ΠΕΛΑΤΗΣ","currentX":1280,"currentY":867,"rows":[{"id":1,"tableId":1,"content":"ID Πελάτη","type":"integer","primaryKey":true,"foreignKey":null},{"id":2,"tableId":1,"content":"Όνομα ","type":"string","primaryKey":false,"foreignKey":null},{"id":3,"tableId":1,"content":"Επώνυμο","type":"string","primaryKey":false,"foreignKey":null},{"id":4,"tableId":1,"content":"Τηλέφωνο","type":"integer","primaryKey":false,"foreignKey":null},{"id":5,"tableId":1,"content":"Email","type":"string","primaryKey":false,"foreignKey":null},{"id":6,"tableId":1,"content":"Username","type":"string","primaryKey":false,"foreignKey":null},{"id":7,"tableId":1,"content":"Password","type":"string","primaryKey":false,"foreignKey":null}],"color":"#6d6d6d"},{"id":2,"title":"ΚΡΑΤΗΣΗ","currentX":1650,"currentY":1308,"rows":[{"id":1,"tableId":2,"content":"ID Κράτησης","type":"integer","primaryKey":true,"foreignKey":null},{"id":2,"tableId":2,"content":"Ημερομηνία κ΄ Ώρα Κράτησης","type":"datetime","primaryKey":false,"foreignKey":null},{"id":4,"tableId":2,"content":"Αριθμός Ατόμων","type":"integer","primaryKey":false,"foreignKey":null},{"id":5,"tableId":2,"content":"Αριθμός Τραπεζιού","type":"integer","primaryKey":false,"foreignKey":{"tableId":4,"rowId":1,"delete":"RESTRICT","update":"RESTRICT"}}],"color":"#6d6d6d"},{"id":3,"title":"ΚΡΙΤΙΚΗ","currentX":1695,"currentY":842,"rows":[{"id":1,"tableId":3,"content":"ID Κριτικής","type":"integer","primaryKey":true,"foreignKey":null},{"id":2,"tableId":3,"content":"Βαθμολογία","type":"integer","primaryKey":false,"foreignKey":null},{"id":3,"tableId":3,"content":"Περιγραφή","type":"string","primaryKey":false,"foreignKey":null},{"id":4,"tableId":3,"content":"Ημερομηνία Κριτικής","type":"date","primaryKey":false,"foreignKey":null},{"id":5,"tableId":3,"content":"ID Πελάτη","type":"integer","primaryKey":false,"foreignKey":{"tableId":1,"rowId":1,"delete":"RESTRICT","update":"RESTRICT"}}],"color":"#6d6d6d"},{"id":4,"title":"ΤΡΑΠΕΖΙ","currentX":2164,"currentY":910,"rows":[{"id":1,"tableId":4,"content":"Αριθμός Τραπεζιού","type":"integer","primaryKey":true,"foreignKey":null},{"id":2,"tableId":4,"content":"Θέση Τραπεζιού","type":"varchar","primaryKey":false,"foreignKey":null},{"id":3,"tableId":4,"content":"Αριθμός Θέσεων Τραπεζιού","type":"integer","primaryKey":false,"foreignKey":null}],"color":"#6d6d6d"},{"id":5,"title":"ΚΑΝΕΙ","currentX":1121,"currentY":1306,"rows":[{"id":1,"tableId":5,"content":"ID Πελάτη","type":"integer","primaryKey":true,"foreignKey":{"tableId":1,"rowId":1,"delete":"RESTRICT","update":"RESTRICT"}},{"id":2,"tableId":5,"content":"ID Κράτησης","type":"integer","primaryKey":true,"foreignKey":{"tableId":2,"rowId":1,"delete":"RESTRICT","update":"RESTRICT"}}],"color":"#6d6d6d"},{"id":6,"title":"ΠΑΡΑΓΓΕΛΙΑ","currentX":1695,"currentY":476,"rows":[{"id":1,"tableId":6,"content":"ID Παραγγελίας ","type":"integer","primaryKey":true,"foreignKey":null},{"id":2,"tableId":6,"content":"Ώρα Παραγγελίας","type":"time","primaryKey":false,"foreignKey":null},{"id":3,"tableId":6,"content":"Κόστος","type":"float","primaryKey":false,"foreignKey":null},{"id":4,"tableId":6,"content":"Αριθμός Τραπεζιού","type":"integer","primaryKey":false,"foreignKey":{"tableId":4,"rowId":1,"delete":"RESTRICT","update":"RESTRICT"}}],"color":"#6d6d6d"},{"id":11,"title":"ΦΑΓΗΤΟ","currentX":2665,"currentY":451,"rows":[{"id":1,"tableId":11,"content":"ID Φαγητού","type":"integer","primaryKey":true,"foreignKey":null},{"id":2,"tableId":11,"content":"Όνομα","type":"string","primaryKey":false,"foreignKey":null},{"id":3,"tableId":11,"content":"Κόστος","type":"float","primaryKey":false,"foreignKey":null},{"id":6,"tableId":11,"content":"Συνταγή","type":"string","primaryKey":false,"foreignKey":null}],"color":"#6d6d6d"},{"id":12,"title":"ΠΟΤΟ","currentX":2681,"currentY":886,"rows":[{"id":1,"tableId":12,"content":"ID Ποτού","type":"integer","primaryKey":true,"foreignKey":null},{"id":2,"tableId":12,"content":"Όνομα","type":"string","primaryKey":false,"foreignKey":null},{"id":3,"tableId":12,"content":"Κόστος","type":"float","primaryKey":false,"foreignKey":null}],"color":"#6d6d6d"},{"id":22,"title":"ΠΕΡΙΛΑΜΒΑΝΕΙ","currentX":2159,"currentY":475,"rows":[{"id":1,"tableId":22,"content":"ID Περιλαμβάνει","type":"","primaryKey":true,"foreignKey":null},{"id":2,"tableId":22,"content":"ID Φαγητού","type":"","primaryKey":false,"foreignKey":{"tableId":11,"rowId":1,"delete":"RESTRICT","update":"RESTRICT"}},{"id":3,"tableId":22,"content":"ID Ποτού","type":"","primaryKey":false,"foreignKey":{"tableId":12,"rowId":1,"delete":"RESTRICT","update":"RESTRICT"}},{"id":4,"tableId":22,"content":"ID Παραγγελίας","type":"","primaryKey":false,"foreignKey":{"tableId":6,"rowId":1,"delete":"RESTRICT","update":"RESTRICT"}}],"color":"#6d6d6d"}],"notes":[{"id":1,"content":"\"You can right click to get some options to start creating your schema\n\nTo start editing a table or a note you can double click to enter editing mode. If click outside a table or a note it will return back to normal saving your changes\n\nCurrently there are the following keyboard shortcuts:\n1. Shift + T (create table)\n2. Shift + N (create note)\n3. Control + Z (undo)\n4. Alt + Z (redo)\"","x":101,"y":101,"height":217,"width":418}]}